{"ACOG": {"mcap": 181596032, "shares": 21774104, "hi52": 10.27, "lo52": 4.5, "pe": -13.238095, "peg": null, "ps": 16.774965, "ev": 127347816, "divRate": null, "divYield": null}, "CATX": {"mcap": 333014912, "shares": 114046197, "hi52": 6.16, "lo52": 1.96, "pe": -2.5754328, "peg": null, "ps": 538.8591, "ev": 66316896, "divRate": null, "divYield": null}, "CLPT": {"mcap": 451342944, "shares": 29989563, "hi52": 30.1, "lo52": 8.27, "pe": -16.01064, "peg": 0.61, "ps": 11.112989, "ev": 479337920, "divRate": null, "divYield": null}, "CRBU": {"mcap": 160672528, "shares": 99180575, "hi52": 3.535, "lo52": 1.38, "pe": -1.1571429, "peg": null, "ps": 14.34192, "ev": 69992528, "divRate": null, "divYield": null}, "DCTH": {"mcap": 434627552, "shares": 34521647, "hi52": 13.74, "lo52": 8.12, "pe": 1259.0, "peg": 1.6, "ps": 4.8056474, "ev": 346235520, "divRate": null, "divYield": null}, "DERM": {"mcap": 195219952, "shares": 21534547, "hi52": 9.555, "lo52": 4.31, "pe": -118.16667, "peg": null, "ps": 3.0182428, "ev": 193467936, "divRate": null, "divYield": null}, "LXEO": {"mcap": 357273440, "shares": 78521634, "hi52": 10.99, "lo52": 3.6, "pe": -3.6595273, "peg": null, "ps": null, "ev": 171595440, "divRate": null, "divYield": null}, "NKTR": {"mcap": 2190686208, "shares": 33786032, "hi52": 109.0, "lo52": 21.02, "pe": -5.1613927, "peg": 0.31, "ps": 39.37746, "ev": 1765514368, "divRate": null, "divYield": null}, "NRXS": {"mcap": 84957016, "shares": 12384405, "hi52": 9.33, "lo52": 2.196, "pe": -114.333336, "peg": null, "ps": 19.84277, "ev": 78235680, "divRate": null, "divYield": null}, "PINK.V": {"mcap": 46702776, "shares": 150654117, "hi52": 0.72, "lo52": 0.17, "pe": -2.5619836, "peg": null, "ps": 21.843662, "ev": 40585660, "divRate": null, "divYield": null}, "QURE": {"mcap": 2729545728, "shares": 68754298, "hi52": 71.5, "lo52": 8.73, "pe": -13.939408, "peg": null, "ps": 150.86197, "ev": 2462885120, "divRate": null, "divYield": null}, "RPID": {"mcap": 103131136, "shares": 45322280, "hi52": 4.94, "lo52": 1.66, "pe": -2.620253, "peg": null, "ps": 2.9993932, "ev": 95564248, "divRate": null, "divYield": null}, "TENX": {"mcap": 415914528, "shares": 26525159, "hi52": 19.4, "lo52": 5.772, "pe": -11.37881, "peg": 1.44, "ps": null, "ev": 682363904, "divRate": null, "divYield": null}, "WGS": {"mcap": 1915917056, "shares": 29688027, "hi52": 170.87, "lo52": 32.21, "pe": 58.46886, "peg": null, "ps": 4.328015, "ev": 1850930560, "divRate": null, "divYield": null}, "MXCT": {"mcap": 125332352, "shares": 107121672, "hi52": 2.37, "lo52": 0.643, "pe": -4.9989314, "peg": null, "ps": 3.881821, "ev": 35965356, "divRate": null, "divYield": null}, "NVDA": {"mcap": 4923644706816, "shares": 24221000000, "hi52": 236.54, "lo52": 164.07, "pe": 31.035114, "peg": 0.5586, "ps": 19.423351, "ev": 4879017836544, "divRate": 1.0, "divYield": 0.49}, "ONDS": {"mcap": 3914791168, "shares": 569838608, "hi52": 15.28, "lo52": 1.78, "pe": 76.33333, "peg": null, "ps": 40.52369, "ev": 1955011456, "divRate": null, "divYield": null}, "_ts": 1784618503, "ORCL": {"mcap": 349631578112, "shares": 2880471000, "hi52": 345.72, "lo52": 120.03, "pe": 21.675, "peg": 0.7144, "ps": 5.190724, "ev": 490671570944, "divRate": 2.0, "divYield": 1.58}}