{"ACOG": {"mcap": 172015424, "shares": 21774104, "hi52": 10.244, "lo52": 4.5, "pe": -12.539682, "peg": null, "ps": 15.8899555, "ev": 117767208, "divRate": null, "divYield": null}, "CATX": {"mcap": 338717216, "shares": 114046197, "hi52": 6.16, "lo52": 1.96, "pe": -2.6195328, "peg": null, "ps": 548.0861, "ev": 72019208, "divRate": null, "divYield": null}, "CLPT": {"mcap": 450743136, "shares": 29989563, "hi52": 30.1, "lo52": 8.27, "pe": -15.989362, "peg": 0.61, "ps": 11.098221, "ev": 478738144, "divRate": null, "divYield": null}, "CRBU": {"mcap": 164639760, "shares": 99180575, "hi52": 3.535, "lo52": 1.38, "pe": -1.1857142, "peg": null, "ps": 14.696042, "ev": 73959752, "divRate": null, "divYield": null}, "DCTH": {"mcap": 432556256, "shares": 34521647, "hi52": 13.74, "lo52": 8.12, "pe": 1253.0, "peg": 1.6, "ps": 4.7827454, "ev": 344164224, "divRate": null, "divYield": null}, "DERM": {"mcap": 196045984, "shares": 21534547, "hi52": 9.555, "lo52": 4.31, "pe": -118.666664, "peg": null, "ps": 3.031014, "ev": 194293968, "divRate": null, "divYield": null}, "LXEO": {"mcap": 382400352, "shares": 78521634, "hi52": 10.99, "lo52": 3.6, "pe": -3.9169004, "peg": null, "ps": null, "ev": 196722352, "divRate": null, "divYield": null}, "NKTR": {"mcap": 2342047744, "shares": 33786032, "hi52": 109.0, "lo52": 21.02, "pe": -5.8389487, "peg": 0.31, "ps": 42.098175, "ev": 1916875776, "divRate": null, "divYield": null}, "NRXS": {"mcap": 85080864, "shares": 12384405, "hi52": 9.33, "lo52": 2.196, "pe": -114.5, "peg": null, "ps": 19.871696, "ev": 78359520, "divRate": null, "divYield": null}, "PINK.V": {"mcap": 48209316, "shares": 150654117, "hi52": 0.72, "lo52": 0.17, "pe": -2.644628, "peg": null, "ps": 22.548296, "ev": 41905116, "divRate": null, "divYield": null}, "QURE": {"mcap": 2776298496, "shares": 68754298, "hi52": 71.5, "lo52": 8.73, "pe": -14.207886, "peg": null, "ps": 153.446, "ev": 2505771008, "divRate": null, "divYield": null}, "RPID": {"mcap": 102632920, "shares": 45322280, "hi52": 4.94, "lo52": 1.66, "pe": -2.6075947, "peg": null, "ps": 2.9849033, "ev": 95102560, "divRate": null, "divYield": null}, "TENX": {"mcap": 392307104, "shares": 26525159, "hi52": 19.4, "lo52": 5.78, "pe": -10.732946, "peg": 1.44, "ps": null, "ev": 636892224, "divRate": null, "divYield": null}, "WGS": {"mcap": 1915917056, "shares": 29688027, "hi52": 170.87, "lo52": 32.21, "pe": 58.46886, "peg": null, "ps": 4.328015, "ev": 1850930560, "divRate": null, "divYield": null}, "MXCT": {"mcap": 122118704, "shares": 107121672, "hi52": 2.37, "lo52": 0.643, "pe": -4.870754, "peg": null, "ps": 3.7822871, "ev": 32751706, "divRate": null, "divYield": null}, "NVDA": {"mcap": 5136305356800, "shares": 24221000000, "hi52": 236.54, "lo52": 164.07, "pe": 31.74551, "peg": 0.5709, "ps": 20.26228, "ev": 5091493937152, "divRate": 1.0, "divYield": 0.48}, "ONDS": {"mcap": 4558708736, "shares": 569838608, "hi52": 15.28, "lo52": 1.78, "pe": 88.888885, "peg": null, "ps": 47.18916, "ev": 2515223296, "divRate": null, "divYield": null}, "_ts": 1784796104, "ORCL": {"mcap": 362478469120, "shares": 2880471000, "hi52": 345.72, "lo52": 120.03, "pe": 21.771626, "peg": 0.718, "ps": 5.381452, "ev": 503518461952, "divRate": 2.0, "divYield": 1.57}}