{"ACOG": {"mcap": 171797680, "shares": 21774104, "hi52": 10.244, "lo52": 4.5, "pe": -12.523809, "peg": null, "ps": 15.869842, "ev": 117549464, "divRate": null, "divYield": null}, "CATX": {"mcap": 339857664, "shares": 114046197, "hi52": 6.16, "lo52": 1.96, "pe": -2.6283526, "peg": null, "ps": 549.9315, "ev": 73159664, "divRate": null, "divYield": null}, "CLPT": {"mcap": 462139168, "shares": 29989563, "hi52": 30.1, "lo52": 8.27, "pe": -16.393618, "peg": 0.61, "ps": 11.378815, "ev": 490134176, "divRate": null, "divYield": null}, "CRBU": {"mcap": 163647952, "shares": 99180575, "hi52": 3.535, "lo52": 1.38, "pe": -1.1785715, "peg": null, "ps": 14.6075115, "ev": 72967952, "divRate": null, "divYield": null}, "DCTH": {"mcap": 442222336, "shares": 34521647, "hi52": 13.74, "lo52": 8.12, "pe": 1281.0001, "peg": 1.6, "ps": 4.889622, "ev": 353830304, "divRate": null, "divYield": null}, "DERM": {"mcap": 201277552, "shares": 21534547, "hi52": 9.555, "lo52": 4.31, "pe": -121.833336, "peg": null, "ps": 3.111898, "ev": 199525536, "divRate": null, "divYield": null}, "LXEO": {"mcap": 365910784, "shares": 78521634, "hi52": 10.99, "lo52": 3.6, "pe": -3.7479992, "peg": null, "ps": null, "ev": 180232816, "divRate": null, "divYield": null}, "NKTR": {"mcap": 2320086784, "shares": 33786032, "hi52": 109.0, "lo52": 21.02, "pe": -5.4662685, "peg": 0.31, "ps": 41.703426, "ev": 1894914816, "divRate": null, "divYield": null}, "NRXS": {"mcap": 86814680, "shares": 12384405, "hi52": 9.33, "lo52": 2.196, "pe": -116.83334, "peg": null, "ps": 20.27665, "ev": 80093336, "divRate": null, "divYield": null}, "PINK.V": {"mcap": 48209316, "shares": 150654117, "hi52": 0.72, "lo52": 0.17, "pe": -2.644628, "peg": null, "ps": 22.548296, "ev": 41905116, "divRate": null, "divYield": null}, "QURE": {"mcap": 2756359680, "shares": 68754298, "hi52": 71.5, "lo52": 8.73, "pe": -14.092007, "peg": null, "ps": 152.34398, "ev": 2487481600, "divRate": null, "divYield": null}, "RPID": {"mcap": 104625792, "shares": 45322280, "hi52": 4.94, "lo52": 1.66, "pe": -2.6582277, "peg": null, "ps": 3.0428627, "ev": 96949328, "divRate": null, "divYield": null}, "TENX": {"mcap": 416975520, "shares": 26525159, "hi52": 19.4, "lo52": 5.772, "pe": -11.407838, "peg": 1.44, "ps": null, "ev": 684407552, "divRate": null, "divYield": null}, "WGS": {"mcap": 1915917056, "shares": 29688027, "hi52": 170.87, "lo52": 32.21, "pe": 58.46886, "peg": null, "ps": 4.328015, "ev": 1850930560, "divRate": null, "divYield": null}, "MXCT": {"mcap": 131759656, "shares": 107121672, "hi52": 2.37, "lo52": 0.643, "pe": -5.255287, "peg": null, "ps": 4.0808887, "ev": 42392656, "divRate": null, "divYield": null}, "NVDA": {"mcap": 5020770631680, "shares": 24221000000, "hi52": 236.54, "lo52": 164.07, "pe": 31.171427, "peg": 0.5599, "ps": 19.806503, "ev": 4976059875328, "divRate": 1.0, "divYield": 0.49}, "ONDS": {"mcap": 4364963328, "shares": 569838608, "hi52": 15.28, "lo52": 1.78, "pe": 76.6, "peg": null, "ps": 45.183617, "ev": 2346663936, "divRate": null, "divYield": null}, "_ts": 1784686564, "ORCL": {"mcap": 365963870208, "shares": 2880471000, "hi52": 345.72, "lo52": 120.03, "pe": 20.82787, "peg": 0.6859, "ps": 5.4331975, "ev": 507003830272, "divRate": 2.0, "divYield": 1.65}}