{"ACOG": {"mcap": 177674512, "shares": 21774104, "hi52": 10.244, "lo52": 4.5, "pe": -12.952222, "peg": null, "ps": 16.412714, "ev": 117767208, "divRate": null, "divYield": null}, "CATX": {"mcap": 335295840, "shares": 114046197, "hi52": 6.16, "lo52": 1.96, "pe": -2.593073, "peg": null, "ps": 542.5499, "ev": 72019208, "divRate": null, "divYield": null}, "CLPT": {"mcap": 423452640, "shares": 29989563, "hi52": 30.1, "lo52": 8.27, "pe": -15.021276, "peg": 0.61, "ps": 10.426272, "ev": 478738144, "divRate": null, "divYield": null}, "CRBU": {"mcap": 159680736, "shares": 99180575, "hi52": 3.535, "lo52": 1.38, "pe": -1.15, "peg": null, "ps": 14.25339, "ev": 73959752, "divRate": null, "divYield": null}, "DCTH": {"mcap": 427723232, "shares": 34521647, "hi52": 13.74, "lo52": 8.12, "pe": 1239.0001, "peg": 1.6, "ps": 4.7293067, "ev": 344164224, "divRate": null, "divYield": null}, "DERM": {"mcap": 188611648, "shares": 21534547, "hi52": 9.555, "lo52": 4.31, "pe": -114.166664, "peg": null, "ps": 2.9160738, "ev": 194293968, "divRate": null, "divYield": null}, "LXEO": {"mcap": 376903840, "shares": 78521634, "hi52": 10.99, "lo52": 3.6, "pe": -3.8606002, "peg": null, "ps": null, "ev": 196722352, "divRate": null, "divYield": null}, "NKTR": {"mcap": 2303531776, "shares": 33786032, "hi52": 109.0, "lo52": 21.02, "pe": -5.7429247, "peg": 0.31, "ps": 41.405853, "ev": 1916875776, "divRate": null, "divYield": null}, "NRXS": {"mcap": 87239464, "shares": 12384405, "hi52": 9.33, "lo52": 2.196, "pe": -117.40501, "peg": null, "ps": 20.375864, "ev": 78359520, "divRate": null, "divYield": null}, "PINK.V": {"mcap": 47456044, "shares": 150654117, "hi52": 0.72, "lo52": 0.17, "pe": -2.6033058, "peg": null, "ps": 22.195978, "ev": 41905116, "divRate": null, "divYield": null}, "QURE": {"mcap": 2696543488, "shares": 68754298, "hi52": 71.5, "lo52": 8.73, "pe": -13.799735, "peg": null, "ps": 149.03795, "ev": 2505771008, "divRate": null, "divYield": null}, "RPID": {"mcap": 99648592, "shares": 45322280, "hi52": 4.94, "lo52": 1.66, "pe": -2.531772, "peg": null, "ps": 2.8981094, "ev": 95102560, "divRate": null, "divYield": null}, "TENX": {"mcap": 384614816, "shares": 26525159, "hi52": 19.4, "lo52": 5.78, "pe": -10.522496, "peg": 1.44, "ps": null, "ev": 636892224, "divRate": null, "divYield": null}, "WGS": {"mcap": 1915917056, "shares": 29688027, "hi52": 170.87, "lo52": 32.21, "pe": 58.46886, "peg": null, "ps": 4.328015, "ev": 1850930560, "divRate": null, "divYield": null}, "MXCT": {"mcap": 116227016, "shares": 107121672, "hi52": 2.33, "lo52": 0.643, "pe": -4.6357617, "peg": null, "ps": 3.5998085, "ev": 32751706, "divRate": null, "divYield": null}, "NVDA": {"mcap": 5011808976896, "shares": 24221000000, "hi52": 236.54, "lo52": 164.07, "pe": 31.687593, "peg": 0.5709, "ps": 19.768764, "ev": 5091493937152, "divRate": 1.0, "divYield": 0.47}, "ONDS": {"mcap": 4456137728, "shares": 569838608, "hi52": 15.28, "lo52": 1.78, "pe": 86.888885, "peg": null, "ps": 46.127403, "ev": 2515223296, "divRate": null, "divYield": null}, "_ts": 1784819057, "ORCL": {"mcap": 347910504448, "shares": 2880471000, "hi52": 345.72, "lo52": 120.03, "pe": 20.717411, "peg": 0.718, "ps": 5.165172, "ev": 503518461952, "divRate": 2.0, "divYield": 1.59}}