{"ACOG": {"mcap": 172995264, "shares": 21774104, "hi52": 10.15, "lo52": 4.5, "pe": -12.611112, "peg": null, "ps": 15.980468, "ev": 124952664, "divRate": null, "divYield": null}, "CATX": {"mcap": 334725600, "shares": 114046197, "hi52": 6.16, "lo52": 1.96, "pe": -2.5886626, "peg": null, "ps": 541.6272, "ev": 69738280, "divRate": null, "divYield": null}, "CLPT": {"mcap": 434548768, "shares": 29989563, "hi52": 30.1, "lo52": 8.27, "pe": -15.414893, "peg": 0.61, "ps": 10.699482, "ev": 462543776, "divRate": null, "divYield": null}, "CRBU": {"mcap": 158688928, "shares": 99180575, "hi52": 3.535, "lo52": 1.38, "pe": -1.1428572, "peg": null, "ps": 14.16486, "ev": 70984336, "divRate": null, "divYield": null}, "DCTH": {"mcap": 427378016, "shares": 34521647, "hi52": 13.74, "lo52": 8.12, "pe": 1238.0, "peg": 1.6, "ps": 4.7254896, "ev": 340712064, "divRate": null, "divYield": null}, "DERM": {"mcap": 175945760, "shares": 21534547, "hi52": 9.555, "lo52": 4.31, "pe": -106.5, "peg": null, "ps": 2.72025, "ev": 179425312, "divRate": null, "divYield": null}, "LXEO": {"mcap": 365518208, "shares": 78521634, "hi52": 10.99, "lo52": 3.6, "pe": -3.743978, "peg": null, "ps": null, "ev": 184158896, "divRate": null, "divYield": null}, "NKTR": {"mcap": 2397456896, "shares": 33786032, "hi52": 109.0, "lo52": 21.02, "pe": -5.977089, "peg": 0.31, "ps": 43.09415, "ev": 1918227200, "divRate": null, "divYield": null}, "NRXS": {"mcap": 83842424, "shares": 12384405, "hi52": 9.33, "lo52": 2.196, "pe": -112.833336, "peg": null, "ps": 19.582443, "ev": 80093336, "divRate": null, "divYield": null}, "PINK.V": {"mcap": 45949504, "shares": 150654117, "hi52": 0.72, "lo52": 0.17, "pe": -2.520661, "peg": null, "ps": 21.491344, "ev": 41245388, "divRate": null, "divYield": null}, "QURE": {"mcap": 2660103680, "shares": 68754298, "hi52": 71.5, "lo52": 8.73, "pe": -13.603707, "peg": null, "ps": 147.17592, "ev": 2445857024, "divRate": null, "divYield": null}, "RPID": {"mcap": 99145400, "shares": 45322280, "hi52": 4.94, "lo52": 1.66, "pe": -2.5189872, "peg": null, "ps": 2.8834748, "ev": 91870712, "divRate": null, "divYield": null}, "TENX": {"mcap": 392439744, "shares": 26525159, "hi52": 19.4, "lo52": 5.78, "pe": -10.736574, "peg": 1.44, "ps": null, "ev": 629228480, "divRate": null, "divYield": null}, "WGS": {"mcap": 1915917056, "shares": 29688027, "hi52": 170.87, "lo52": 32.21, "pe": 58.46886, "peg": null, "ps": 4.328015, "ev": 1850930560, "divRate": null, "divYield": null}, "MXCT": {"mcap": 116227016, "shares": 107121672, "hi52": 2.305, "lo52": 0.643, "pe": -4.6357617, "peg": null, "ps": 3.5998085, "ev": 30609272, "divRate": null, "divYield": null}, "NVDA": {"mcap": 5113658736640, "shares": 24221000000, "hi52": 236.54, "lo52": 164.07, "pe": 32.331547, "peg": 0.575, "ps": 20.17294, "ev": 5011633864704, "divRate": 1.0, "divYield": 0.48}, "ONDS": {"mcap": 4615692800, "shares": 569838608, "hi52": 15.28, "lo52": 1.78, "pe": 90.0, "peg": null, "ps": 47.779026, "ev": 2480519936, "divRate": null, "divYield": null}, "_ts": 1784909331, "ORCL": {"mcap": 340414070784, "shares": 2880471000, "hi52": 345.72, "lo52": 116.01, "pe": 20.271013, "peg": 0.6784, "ps": 5.0538783, "ev": 486811729920, "divRate": 2.0, "divYield": 1.67}}