{"ACOG": {"mcap": 173212992, "shares": 21774104, "hi52": 10.244, "lo52": 4.5, "pe": -12.626984, "peg": null, "ps": 16.000582, "ev": 127347816, "divRate": null, "divYield": null}, "CATX": {"mcap": 338717216, "shares": 114046197, "hi52": 6.16, "lo52": 1.96, "pe": -2.6195328, "peg": null, "ps": 548.0861, "ev": 66316896, "divRate": null, "divYield": null}, "CLPT": {"mcap": 462664000, "shares": 29989563, "hi52": 30.1, "lo52": 8.27, "pe": -16.412233, "peg": 0.61, "ps": 11.391737, "ev": 479337920, "divRate": null, "divYield": null}, "CRBU": {"mcap": 164143856, "shares": 99180575, "hi52": 3.535, "lo52": 1.38, "pe": -1.1821429, "peg": null, "ps": 14.651777, "ev": 69992528, "divRate": null, "divYield": null}, "DCTH": {"mcap": 440841472, "shares": 34521647, "hi52": 13.74, "lo52": 8.12, "pe": 1277.0001, "peg": 1.6, "ps": 4.8743544, "ev": 346235520, "divRate": null, "divYield": null}, "DERM": {"mcap": 200589184, "shares": 21534547, "hi52": 9.555, "lo52": 4.31, "pe": -121.416664, "peg": null, "ps": 3.1012552, "ev": 193467936, "divRate": null, "divYield": null}, "LXEO": {"mcap": 366696032, "shares": 78521634, "hi52": 10.99, "lo52": 3.6, "pe": -3.7560422, "peg": null, "ps": null, "ev": 171595440, "divRate": null, "divYield": null}, "NKTR": {"mcap": 2300828672, "shares": 33786032, "hi52": 109.0, "lo52": 21.02, "pe": -5.4208956, "peg": 0.31, "ps": 41.357265, "ev": 1765514368, "divRate": null, "divYield": null}, "NRXS": {"mcap": 87310056, "shares": 12384405, "hi52": 9.33, "lo52": 2.196, "pe": -117.50001, "peg": null, "ps": 20.392351, "ev": 78235680, "divRate": null, "divYield": null}, "PINK.V": {"mcap": 48209316, "shares": 150654117, "hi52": 0.72, "lo52": 0.17, "pe": -2.644628, "peg": null, "ps": 22.548296, "ev": 40585660, "divRate": null, "divYield": null}, "QURE": {"mcap": 2759109888, "shares": 68754298, "hi52": 71.5, "lo52": 8.73, "pe": -14.090389, "peg": null, "ps": 152.49599, "ev": 2462885120, "divRate": null, "divYield": null}, "RPID": {"mcap": 105124008, "shares": 45322280, "hi52": 4.94, "lo52": 1.66, "pe": -2.6708858, "peg": null, "ps": 3.0573525, "ev": 95564248, "divRate": null, "divYield": null}, "TENX": {"mcap": 410476864, "shares": 26525159, "hi52": 19.4, "lo52": 5.772, "pe": -11.230043, "peg": 1.44, "ps": null, "ev": 682363904, "divRate": null, "divYield": null}, "WGS": {"mcap": 1915917056, "shares": 29688027, "hi52": 170.87, "lo52": 32.21, "pe": 58.46886, "peg": null, "ps": 4.328015, "ev": 1850930560, "divRate": null, "divYield": null}, "MXCT": {"mcap": 131224048, "shares": 107121672, "hi52": 2.37, "lo52": 0.643, "pe": -5.2339244, "peg": null, "ps": 4.0642996, "ev": 35965356, "divRate": null, "divYield": null}, "NVDA": {"mcap": 5016047845376, "shares": 24221000000, "hi52": 236.54, "lo52": 164.07, "pe": 31.714394, "peg": 0.5599, "ps": 19.787872, "ev": 4879017836544, "divRate": 1.0, "divYield": 0.49}, "ONDS": {"mcap": 4356416000, "shares": 569838608, "hi52": 15.28, "lo52": 1.78, "pe": 84.94444, "peg": null, "ps": 45.09514, "ev": 1955011456, "divRate": null, "divYield": null}, "_ts": 1784663667, "ORCL": {"mcap": 366568734720, "shares": 2880471000, "hi52": 345.72, "lo52": 120.03, "pe": 21.828474, "peg": 0.6859, "ps": 5.4421773, "ev": 490671570944, "divRate": 2.0, "divYield": 1.65}}