{"ACOG": {"mcap": 181889984, "shares": 21774104, "hi52": 10.59, "lo52": 4.5, "pe": -13.259524, "peg": null, "ps": 16.80212, "ev": 126476848, "divRate": null, "divYield": null}, "CATX": {"mcap": 343279072, "shares": 114046197, "hi52": 6.16, "lo52": 1.96, "pe": -2.6548126, "peg": null, "ps": 555.4678, "ev": 100530752, "divRate": null, "divYield": null}, "CLPT": {"mcap": 454311904, "shares": 29989563, "hi52": 30.1, "lo52": 8.27, "pe": -16.115957, "peg": 0.61, "ps": 11.186091, "ev": 497931456, "divRate": null, "divYield": null}, "CRBU": {"mcap": 166127456, "shares": 99180575, "hi52": 3.535, "lo52": 1.38, "pe": -1.1964285, "peg": null, "ps": 14.828836, "ev": 80902392, "divRate": null, "divYield": null}, "DCTH": {"mcap": 443437472, "shares": 34521647, "hi52": 13.74, "lo52": 8.12, "pe": 1284.52, "peg": 1.6, "ps": 4.903058, "ev": 366603296, "divRate": null, "divYield": null}, "DERM": {"mcap": 197147360, "shares": 21534547, "hi52": 9.555, "lo52": 4.31, "pe": -119.333336, "peg": null, "ps": 3.048042, "ev": 198424160, "divRate": null, "divYield": null}, "LXEO": {"mcap": 358843872, "shares": 78521634, "hi52": 10.99, "lo52": 3.6, "pe": -3.6756132, "peg": null, "ps": null, "ev": 186514544, "divRate": null, "divYield": null}, "NKTR": {"mcap": 2253021440, "shares": 33786032, "hi52": 109.0, "lo52": 21.02, "pe": -5.3082585, "peg": 0.31, "ps": 40.497932, "ev": 1882413952, "divRate": null, "divYield": null}, "NRXS": {"mcap": 84028184, "shares": 12384405, "hi52": 9.33, "lo52": 2.196, "pe": -113.083336, "peg": null, "ps": 19.62583, "ev": 79721808, "divRate": null, "divYield": null}, "PINK.V": {"mcap": 44442960, "shares": 150654117, "hi52": 0.72, "lo52": 0.17, "pe": -2.4380164, "peg": null, "ps": 20.786709, "ev": 39925932, "divRate": null, "divYield": null}, "QURE": {"mcap": 2732983296, "shares": 68754298, "hi52": 71.5, "lo52": 8.73, "pe": -13.798603, "peg": null, "ps": 151.05197, "ev": 2544872960, "divRate": null, "divYield": null}, "RPID": {"mcap": 103380256, "shares": 45322280, "hi52": 4.94, "lo52": 1.66, "pe": -2.6265824, "peg": null, "ps": 3.0066385, "ev": 102027936, "divRate": null, "divYield": null}, "TENX": {"mcap": 392041856, "shares": 26525159, "hi52": 19.4, "lo52": 5.772, "pe": -10.602582, "peg": 1.44, "ps": null, "ev": 664992704, "divRate": null, "divYield": null}, "WGS": {"mcap": 1915917056, "shares": 29688027, "hi52": 170.87, "lo52": 32.21, "pe": 58.46886, "peg": null, "ps": 4.328015, "ev": 1850930560, "divRate": null, "divYield": null}, "MXCT": {"mcap": 145149872, "shares": 107121672, "hi52": 2.37, "lo52": 0.643, "pe": -5.75616, "peg": null, "ps": 4.4956136, "ev": 62745776, "divRate": null, "divYield": null}, "NVDA": {"mcap": 5027068379136, "shares": 24221000000, "hi52": 236.54, "lo52": 164.07, "pe": 31.832823, "peg": 0.6518, "ps": 19.831348, "ev": 5102142226432, "divRate": 1.0, "divYield": 0.47}, "ONDS": {"mcap": 3758256640, "shares": 569838608, "hi52": 15.28, "lo52": 1.78, "pe": 73.28111, "peg": null, "ps": 38.903336, "ev": 2044248704, "divRate": null, "divYield": null}, "_ts": 1784216975}