{"ACOG": {"mcap": 183446832, "shares": 21774104, "hi52": 10.34, "lo52": 4.5, "pe": -13.373016, "peg": null, "ps": 16.945934, "ev": 127565552, "divRate": null, "divYield": null}, "CATX": {"mcap": 338717216, "shares": 114046197, "hi52": 6.16, "lo52": 1.96, "pe": -2.6195328, "peg": null, "ps": 548.0861, "ev": 69738280, "divRate": null, "divYield": null}, "CLPT": {"mcap": 449252672, "shares": 29989563, "hi52": 30.1, "lo52": 8.27, "pe": -15.936489, "peg": 0.61, "ps": 11.0615225, "ev": 479637824, "divRate": null, "divYield": null}, "CRBU": {"mcap": 166623360, "shares": 99180575, "hi52": 3.535, "lo52": 1.38, "pe": -1.1999999, "peg": null, "ps": 14.873102, "ev": 73959752, "divRate": null, "divYield": null}, "DCTH": {"mcap": 444984064, "shares": 34521647, "hi52": 13.74, "lo52": 8.12, "pe": 1289.0001, "peg": 1.6, "ps": 4.9201584, "ev": 355211168, "divRate": null, "divYield": null}, "DERM": {"mcap": 200176160, "shares": 21534547, "hi52": 9.555, "lo52": 4.31, "pe": -121.16667, "peg": null, "ps": 3.0948696, "ev": 194018624, "divRate": null, "divYield": null}, "LXEO": {"mcap": 365910784, "shares": 78521634, "hi52": 10.99, "lo52": 3.6, "pe": -3.7479992, "peg": null, "ps": null, "ev": 172380656, "divRate": null, "divYield": null}, "NKTR": {"mcap": 2304038400, "shares": 33786032, "hi52": 109.0, "lo52": 21.02, "pe": -5.4284577, "peg": 0.31, "ps": 41.41496, "ev": 1840181504, "divRate": null, "divYield": null}, "NRXS": {"mcap": 82356296, "shares": 12384405, "hi52": 9.33, "lo52": 2.196, "pe": -110.833336, "peg": null, "ps": 19.235338, "ev": 77244928, "divRate": null, "divYield": null}, "PINK.V": {"mcap": 46702776, "shares": 150654117, "hi52": 0.72, "lo52": 0.17, "pe": -2.5619836, "peg": null, "ps": 21.843662, "ev": 39925932, "divRate": null, "divYield": null}, "QURE": {"mcap": 2753609472, "shares": 68754298, "hi52": 71.5, "lo52": 8.73, "pe": -13.847954, "peg": null, "ps": 152.19199, "ev": 2441442304, "divRate": null, "divYield": null}, "RPID": {"mcap": 100640048, "shares": 45322280, "hi52": 4.94, "lo52": 1.66, "pe": -2.556962, "peg": null, "ps": 2.9269443, "ev": 96487632, "divRate": null, "divYield": null}, "TENX": {"mcap": 419893280, "shares": 26525159, "hi52": 19.4, "lo52": 5.772, "pe": -11.35581, "peg": 1.44, "ps": null, "ev": 651708800, "divRate": null, "divYield": null}, "WGS": {"mcap": 1915917056, "shares": 29688027, "hi52": 170.87, "lo52": 32.21, "pe": 58.46886, "peg": null, "ps": 4.328015, "ev": 1850930560, "divRate": null, "divYield": null}, "MXCT": {"mcap": 132295264, "shares": 107121672, "hi52": 2.37, "lo52": 0.643, "pe": -5.246389, "peg": null, "ps": 4.097478, "ev": 55247256, "divRate": null, "divYield": null}, "NVDA": {"mcap": 4947008552960, "shares": 24221000000, "hi52": 236.54, "lo52": 164.07, "pe": 31.277885, "peg": 0.6383, "ps": 19.51552, "ev": 4978722209792, "divRate": 1.0, "divYield": 0.48}, "ONDS": {"mcap": 3752387072, "shares": 569838608, "hi52": 15.28, "lo52": 1.78, "pe": 73.166664, "peg": null, "ps": 38.842575, "ev": 1845943680, "divRate": null, "divYield": null}, "_ts": 1784305401}