{"ACOG": {"mcap": 169838016, "shares": 21774104, "hi52": 10.244, "lo52": 4.5, "pe": -12.380953, "peg": null, "ps": 15.688817, "ev": 117549464, "divRate": null, "divYield": null}, "CATX": {"mcap": 340427904, "shares": 114046197, "hi52": 6.16, "lo52": 1.96, "pe": -2.6327624, "peg": null, "ps": 550.8542, "ev": 73159664, "divRate": null, "divYield": null}, "CLPT": {"mcap": 453142304, "shares": 29989563, "hi52": 30.1, "lo52": 8.27, "pe": -16.074469, "peg": 0.61, "ps": 11.157293, "ev": 490134176, "divRate": null, "divYield": null}, "CRBU": {"mcap": 162160240, "shares": 99180575, "hi52": 3.535, "lo52": 1.38, "pe": -1.1678572, "peg": null, "ps": 14.474715, "ev": 72967952, "divRate": null, "divYield": null}, "DCTH": {"mcap": 431175360, "shares": 34521647, "hi52": 13.74, "lo52": 8.12, "pe": 1249.0, "peg": 1.6, "ps": 4.7674766, "ev": 353830304, "divRate": null, "divYield": null}, "DERM": {"mcap": 196321328, "shares": 21534547, "hi52": 9.555, "lo52": 4.31, "pe": -118.833336, "peg": null, "ps": 3.035271, "ev": 199525536, "divRate": null, "divYield": null}, "LXEO": {"mcap": 371014688, "shares": 78521634, "hi52": 10.99, "lo52": 3.6, "pe": -3.8002782, "peg": null, "ps": null, "ev": 180232816, "divRate": null, "divYield": null}, "NKTR": {"mcap": 2327857664, "shares": 33786032, "hi52": 109.0, "lo52": 21.02, "pe": -5.484577, "peg": 0.31, "ps": 41.84311, "ev": 1894914816, "divRate": null, "divYield": null}, "NRXS": {"mcap": 87310056, "shares": 12384405, "hi52": 9.33, "lo52": 2.196, "pe": -117.50001, "peg": null, "ps": 20.392351, "ev": 80093336, "divRate": null, "divYield": null}, "PINK.V": {"mcap": 48209316, "shares": 150654117, "hi52": 0.72, "lo52": 0.17, "pe": -2.644628, "peg": null, "ps": 22.548296, "ev": 41905116, "divRate": null, "divYield": null}, "QURE": {"mcap": 2718888448, "shares": 68754298, "hi52": 71.5, "lo52": 8.73, "pe": -13.900434, "peg": null, "ps": 150.27295, "ev": 2487481600, "divRate": null, "divYield": null}, "RPID": {"mcap": 102632920, "shares": 45322280, "hi52": 4.94, "lo52": 1.66, "pe": -2.6075947, "peg": null, "ps": 2.9849033, "ev": 96949328, "divRate": null, "divYield": null}, "TENX": {"mcap": 405039200, "shares": 26525159, "hi52": 19.4, "lo52": 5.78, "pe": -11.081278, "peg": 1.44, "ps": null, "ev": 684407552, "divRate": null, "divYield": null}, "WGS": {"mcap": 1915917056, "shares": 29688027, "hi52": 170.87, "lo52": 32.21, "pe": 58.46886, "peg": null, "ps": 4.328015, "ev": 1850930560, "divRate": null, "divYield": null}, "MXCT": {"mcap": 126939176, "shares": 107121672, "hi52": 2.37, "lo52": 0.643, "pe": -5.06302, "peg": null, "ps": 3.931588, "ev": 42392656, "divRate": null, "divYield": null}, "NVDA": {"mcap": 5028279484416, "shares": 24221000000, "hi52": 236.54, "lo52": 164.07, "pe": 31.79173, "peg": 0.5599, "ps": 19.836126, "ev": 4976059875328, "divRate": 1.0, "divYield": 0.48}, "ONDS": {"mcap": 4746812416, "shares": 569838608, "hi52": 15.28, "lo52": 1.78, "pe": 92.55666, "peg": null, "ps": 49.136303, "ev": 2346663936, "divRate": null, "divYield": null}, "_ts": 1784731061, "ORCL": {"mcap": 367634513920, "shares": 2880471000, "hi52": 345.72, "lo52": 120.03, "pe": 21.891937, "peg": 0.6859, "ps": 5.458, "ev": 507003830272, "divRate": 2.0, "divYield": 1.57}}