{"ACOG": {"mcap": 181813776, "shares": 21774104, "hi52": 10.59, "lo52": 4.5, "pe": -13.253969, "peg": null, "ps": 16.79508, "ev": 127565552, "divRate": null, "divYield": null}, "CATX": {"mcap": 336436288, "shares": 114046197, "hi52": 6.16, "lo52": 1.96, "pe": -2.6018927, "peg": null, "ps": 544.39526, "ev": 69738280, "divRate": null, "divYield": null}, "CLPT": {"mcap": 451642848, "shares": 29989563, "hi52": 30.1, "lo52": 8.27, "pe": -16.021276, "peg": 0.61, "ps": 11.120374, "ev": 479637824, "divRate": null, "divYield": null}, "CRBU": {"mcap": 164639760, "shares": 99180575, "hi52": 3.535, "lo52": 1.38, "pe": -1.1857142, "peg": null, "ps": 14.696042, "ev": 73959752, "divRate": null, "divYield": null}, "DCTH": {"mcap": 443603200, "shares": 34521647, "hi52": 13.74, "lo52": 8.12, "pe": 1285.0001, "peg": 1.6, "ps": 4.9048905, "ev": 355211168, "divRate": null, "divYield": null}, "DERM": {"mcap": 195770640, "shares": 21534547, "hi52": 9.555, "lo52": 4.31, "pe": -118.50001, "peg": null, "ps": 3.026757, "ev": 194018624, "divRate": null, "divYield": null}, "LXEO": {"mcap": 358058624, "shares": 78521634, "hi52": 10.99, "lo52": 3.6, "pe": -3.66757, "peg": null, "ps": null, "ev": 172380656, "divRate": null, "divYield": null}, "NKTR": {"mcap": 2265353472, "shares": 33786032, "hi52": 109.0, "lo52": 21.02, "pe": -5.3373137, "peg": 0.31, "ps": 40.7196, "ev": 1840181504, "divRate": null, "divYield": null}, "NRXS": {"mcap": 83966272, "shares": 12384405, "hi52": 9.33, "lo52": 2.196, "pe": -113.00001, "peg": null, "ps": 19.611368, "ev": 77244928, "divRate": null, "divYield": null}, "PINK.V": {"mcap": 45949504, "shares": 150654117, "hi52": 0.72, "lo52": 0.17, "pe": -2.520661, "peg": null, "ps": 21.491344, "ev": 39925932, "divRate": null, "divYield": null}, "QURE": {"mcap": 2706169088, "shares": 68754298, "hi52": 71.5, "lo52": 8.73, "pe": -13.609376, "peg": null, "ps": 149.56995, "ev": 2441442304, "divRate": null, "divYield": null}, "RPID": {"mcap": 104127576, "shares": 45322280, "hi52": 4.94, "lo52": 1.66, "pe": -2.6455693, "peg": null, "ps": 3.028373, "ev": 96487632, "divRate": null, "divYield": null}, "TENX": {"mcap": 399999424, "shares": 26525159, "hi52": 19.4, "lo52": 5.772, "pe": -10.81779, "peg": 1.44, "ps": null, "ev": 651708800, "divRate": null, "divYield": null}, "WGS": {"mcap": 1915917056, "shares": 29688027, "hi52": 170.87, "lo52": 32.21, "pe": 58.46886, "peg": null, "ps": 4.328015, "ev": 1850930560, "divRate": null, "divYield": null}, "MXCT": {"mcap": 144614256, "shares": 107121672, "hi52": 2.37, "lo52": 0.643, "pe": -5.734919, "peg": null, "ps": 4.4790244, "ev": 55247256, "divRate": null, "divYield": null}, "NVDA": {"mcap": 5023435063296, "shares": 24221000000, "hi52": 236.54, "lo52": 164.07, "pe": 32.55887, "peg": 0.654, "ps": 19.817015, "ev": 4978722209792, "divRate": 1.0, "divYield": 0.47}, "ONDS": {"mcap": 3789426688, "shares": 569838608, "hi52": 15.28, "lo52": 1.78, "pe": 73.888885, "peg": null, "ps": 39.22599, "ev": 1845943680, "divRate": null, "divYield": null}, "_ts": 1784260582}