{"ACOG": {"mcap": 181487152, "shares": 21774104, "hi52": 10.59, "lo52": 4.5, "pe": -13.230159, "peg": null, "ps": 16.764908, "ev": 121033328, "divRate": null, "divYield": null}, "CATX": {"mcap": 359815744, "shares": 114046197, "hi52": 6.16, "lo52": 1.96, "pe": -2.7827022, "peg": null, "ps": 582.22614, "ev": 81142904, "divRate": null, "divYield": null}, "CLPT": {"mcap": 473535200, "shares": 29989563, "hi52": 30.1, "lo52": 8.27, "pe": -16.797873, "peg": 0.61, "ps": 11.659408, "ev": 506628416, "divRate": null, "divYield": null}, "CRBU": {"mcap": 172078304, "shares": 99180575, "hi52": 3.535, "lo52": 1.38, "pe": -1.2392857, "peg": null, "ps": 15.36002, "ev": 82886008, "divRate": null, "divYield": null}, "DCTH": {"mcap": 453693856, "shares": 34521647, "hi52": 13.74, "lo52": 8.12, "pe": 1314.23, "peg": 1.6, "ps": 5.0164623, "ev": 355901600, "divRate": null, "divYield": null}, "DERM": {"mcap": 202378928, "shares": 21534547, "hi52": 9.555, "lo52": 4.31, "pe": -122.5, "peg": null, "ps": 3.1289258, "ev": 194293968, "divRate": null, "divYield": null}, "LXEO": {"mcap": 369051648, "shares": 78521634, "hi52": 10.99, "lo52": 3.6, "pe": -3.780171, "peg": null, "ps": null, "ev": 177091952, "divRate": null, "divYield": null}, "NKTR": {"mcap": 2308177152, "shares": 33786032, "hi52": 109.0, "lo52": 21.02, "pe": -5.4382086, "peg": 0.31, "ps": 41.489353, "ev": 1844235776, "divRate": null, "divYield": null}, "NRXS": {"mcap": 86071616, "shares": 12384405, "hi52": 9.33, "lo52": 2.196, "pe": -115.833336, "peg": null, "ps": 20.103098, "ev": 81827152, "divRate": null, "divYield": null}, "PINK.V": {"mcap": 45949504, "shares": 150654117, "hi52": 0.72, "lo52": 0.17, "pe": -2.520661, "peg": null, "ps": 21.491344, "ev": 39925932, "divRate": null, "divYield": null}, "QURE": {"mcap": 2817551104, "shares": 68754298, "hi52": 71.5, "lo52": 8.73, "pe": -14.278447, "peg": null, "ps": 155.72603, "ev": 2577668096, "divRate": null, "divYield": null}, "RPID": {"mcap": 111849952, "shares": 45322280, "hi52": 4.94, "lo52": 1.66, "pe": -2.8417718, "peg": null, "ps": 3.2529652, "ev": 95564248, "divRate": null, "divYield": null}, "TENX": {"mcap": 413129376, "shares": 26525159, "hi52": 19.4, "lo52": 5.772, "pe": -11.172883, "peg": 1.44, "ps": null, "ev": 676232896, "divRate": null, "divYield": null}, "WGS": {"mcap": 1915917056, "shares": 29688027, "hi52": 170.87, "lo52": 32.21, "pe": 58.46886, "peg": null, "ps": 4.328015, "ev": 1850930560, "divRate": null, "divYield": null}, "MXCT": {"mcap": 153719600, "shares": 107121672, "hi52": 2.37, "lo52": 0.643, "pe": -6.0960064, "peg": null, "ps": 4.761037, "ev": 62745776, "divRate": null, "divYield": null}, "NVDA": {"mcap": 5126134693888, "shares": 24221000000, "hi52": 236.54, "lo52": 164.07, "pe": 32.46014, "peg": 0.6518, "ps": 20.225012, "ev": 5085201956864, "divRate": 1.0, "divYield": 0.47}, "ONDS": {"mcap": 3960321280, "shares": 569838608, "hi52": 15.28, "lo52": 1.78, "pe": 77.22111, "peg": null, "ps": 40.99499, "ev": 2197935104, "divRate": null, "divYield": null}, "_ts": 1784142810}