{"ACOG": {"mcap": 181160544, "shares": 21774104, "hi52": 10.27, "lo52": 4.5, "pe": -13.206348, "peg": null, "ps": 16.734737, "ev": 130831672, "divRate": null, "divYield": null}, "CATX": {"mcap": 333585120, "shares": 114046197, "hi52": 6.16, "lo52": 1.96, "pe": -2.5798428, "peg": null, "ps": 539.78174, "ev": 74300128, "divRate": null, "divYield": null}, "CLPT": {"mcap": 445345024, "shares": 29989563, "hi52": 30.1, "lo52": 8.27, "pe": -15.797873, "peg": 0.61, "ps": 10.965308, "ev": 482336864, "divRate": null, "divYield": null}, "CRBU": {"mcap": 162854496, "shares": 99180575, "hi52": 3.535, "lo52": 1.38, "pe": -1.1728572, "peg": null, "ps": 14.536686, "ev": 72967952, "divRate": null, "divYield": null}, "DCTH": {"mcap": 436353632, "shares": 34521647, "hi52": 13.74, "lo52": 8.12, "pe": 1264.0001, "peg": 1.6, "ps": 4.8247323, "ev": 353830304, "divRate": null, "divYield": null}, "DERM": {"mcap": 195219952, "shares": 21534547, "hi52": 9.555, "lo52": 4.31, "pe": -118.16667, "peg": null, "ps": 3.0182428, "ev": 195395360, "divRate": null, "divYield": null}, "LXEO": {"mcap": 359629056, "shares": 78521634, "hi52": 10.99, "lo52": 3.6, "pe": -3.683656, "peg": null, "ps": null, "ev": 182588464, "divRate": null, "divYield": null}, "NKTR": {"mcap": 2225148160, "shares": 33786032, "hi52": 109.0, "lo52": 21.02, "pe": -5.242587, "peg": 0.31, "ps": 39.99691, "ev": 1881062528, "divRate": null, "divYield": null}, "NRXS": {"mcap": 85328552, "shares": 12384405, "hi52": 9.33, "lo52": 2.196, "pe": -114.833336, "peg": null, "ps": 19.929546, "ev": 76873392, "divRate": null, "divYield": null}, "PINK.V": {"mcap": 45949504, "shares": 150654117, "hi52": 0.72, "lo52": 0.17, "pe": -2.520661, "peg": null, "ps": 21.491344, "ev": 39925932, "divRate": null, "divYield": null}, "QURE": {"mcap": 2758078720, "shares": 68754298, "hi52": 71.5, "lo52": 8.73, "pe": -13.909724, "peg": null, "ps": 152.439, "ev": 2497572352, "divRate": null, "divYield": null}, "RPID": {"mcap": 103131136, "shares": 45322280, "hi52": 4.94, "lo52": 1.66, "pe": -2.620253, "peg": null, "ps": 2.9993932, "ev": 95564248, "divRate": null, "divYield": null}, "TENX": {"mcap": 418832288, "shares": 26525159, "hi52": 19.4, "lo52": 5.772, "pe": -11.458635, "peg": 1.44, "ps": null, "ev": 691049472, "divRate": null, "divYield": null}, "WGS": {"mcap": 1915917056, "shares": 29688027, "hi52": 170.87, "lo52": 32.21, "pe": 58.46886, "peg": null, "ps": 4.328015, "ev": 1850930560, "divRate": null, "divYield": null}, "MXCT": {"mcap": 126403568, "shares": 107121672, "hi52": 2.37, "lo52": 0.643, "pe": -5.012744, "peg": null, "ps": 3.9149988, "ev": 43463872, "divRate": null, "divYield": null}, "NVDA": {"mcap": 4936481898496, "shares": 24221000000, "hi52": 236.54, "lo52": 164.07, "pe": 31.21133, "peg": 0.5586, "ps": 19.473993, "ev": 4867643932672, "divRate": 1.0, "divYield": 0.49}, "ONDS": {"mcap": 3907098368, "shares": 569838608, "hi52": 15.28, "lo52": 1.78, "pe": 76.183334, "peg": null, "ps": 40.44406, "ev": 1783973248, "divRate": null, "divYield": null}, "_ts": 1784573040, "ORCL": {"mcap": 354701213696, "shares": 2880471000, "hi52": 345.72, "lo52": 120.03, "pe": 21.121784, "peg": 0.7144, "ps": 5.265989, "ev": 505160335360, "divRate": 2.0, "divYield": 1.58}}