{"ACOG": {"mcap": 182466992, "shares": 21774104, "hi52": 10.88, "lo52": 4.5, "pe": -13.301588, "peg": null, "ps": 16.855421, "ev": 128872000, "divRate": null, "divYield": null}, "CATX": {"mcap": 352402752, "shares": 114046197, "hi52": 6.16, "lo52": 1.96, "pe": -2.7253723, "peg": null, "ps": 570.231, "ev": 76581056, "divRate": null, "divYield": null}, "CLPT": {"mcap": 495127712, "shares": 29989563, "hi52": 30.1, "lo52": 8.27, "pe": -17.56383, "peg": 0.61, "ps": 12.19106, "ev": 552812352, "divRate": null, "divYield": null}, "CRBU": {"mcap": 178525040, "shares": 99180575, "hi52": 3.535, "lo52": 1.38, "pe": -1.2857143, "peg": null, "ps": 15.935468, "ev": 100242608, "divRate": null, "divYield": null}, "DCTH": {"mcap": 444293600, "shares": 34521647, "hi52": 13.74, "lo52": 8.12, "pe": 1287.0, "peg": 1.6, "ps": 4.912524, "ev": 360734624, "divRate": null, "divYield": null}, "DERM": {"mcap": 188887008, "shares": 21534547, "hi52": 9.555, "lo52": 4.31, "pe": -114.333336, "peg": null, "ps": 2.920331, "ev": 188511712, "divRate": null, "divYield": null}, "LXEO": {"mcap": 364732992, "shares": 78521634, "hi52": 10.99, "lo52": 3.6, "pe": -3.735935, "peg": null, "ps": null, "ev": 192796272, "divRate": null, "divYield": null}, "NKTR": {"mcap": 2308261632, "shares": 33786032, "hi52": 109.0, "lo52": 21.02, "pe": -5.438408, "peg": 0.31, "ps": 41.49087, "ev": 1952013184, "divRate": null, "divYield": null}, "NRXS": {"mcap": 85204704, "shares": 12384405, "hi52": 9.33, "lo52": 2.196, "pe": -114.66667, "peg": null, "ps": 19.90062, "ev": 81703312, "divRate": null, "divYield": null}, "PINK.V": {"mcap": 48209316, "shares": 150654117, "hi52": 0.72, "lo52": 0.17, "pe": -2.6890755, "peg": null, "ps": 22.548296, "ev": 43224572, "divRate": null, "divYield": null}, "QURE": {"mcap": 2825801472, "shares": 68754298, "hi52": 71.5, "lo52": 8.73, "pe": -14.279984, "peg": null, "ps": 156.18204, "ev": 2647672832, "divRate": null, "divYield": null}, "RPID": {"mcap": 100141832, "shares": 45322280, "hi52": 4.94, "lo52": 1.66, "pe": -2.5443037, "peg": null, "ps": 2.9124544, "ev": 94640864, "divRate": null, "divYield": null}, "TENX": {"mcap": 423872032, "shares": 26525159, "hi52": 19.4, "lo52": 5.766, "pe": -11.463414, "peg": 1.44, "ps": null, "ev": 777905472, "divRate": null, "divYield": null}, "WGS": {"mcap": 1895580544, "shares": 29688027, "hi52": 170.87, "lo52": 32.21, "pe": 51.857864, "peg": null, "ps": 4.2820754, "ev": 1946229120, "divRate": null, "divYield": null}}