{"ACOG": {"mcap": 179200864, "shares": 21774104, "hi52": 10.244, "lo52": 4.5, "pe": -13.063492, "peg": null, "ps": 16.55371, "ev": 124952664, "divRate": null, "divYield": null}, "CATX": {"mcap": 336436288, "shares": 114046197, "hi52": 6.16, "lo52": 1.96, "pe": -2.6018927, "peg": null, "ps": 544.39526, "ev": 69738280, "divRate": null, "divYield": null}, "CLPT": {"mcap": 434548768, "shares": 29989563, "hi52": 30.1, "lo52": 8.27, "pe": -15.414893, "peg": 0.61, "ps": 10.699482, "ev": 462543776, "divRate": null, "divYield": null}, "CRBU": {"mcap": 161664336, "shares": 99180575, "hi52": 3.535, "lo52": 1.38, "pe": -1.1642858, "peg": null, "ps": 14.43045, "ev": 70984336, "divRate": null, "divYield": null}, "DCTH": {"mcap": 429104096, "shares": 34521647, "hi52": 13.74, "lo52": 8.12, "pe": 1243.0, "peg": 1.6, "ps": 4.744575, "ev": 340712064, "divRate": null, "divYield": null}, "DERM": {"mcap": 181177328, "shares": 21534547, "hi52": 9.555, "lo52": 4.31, "pe": -109.666664, "peg": null, "ps": 2.8011336, "ev": 179425312, "divRate": null, "divYield": null}, "LXEO": {"mcap": 369836896, "shares": 78521634, "hi52": 10.99, "lo52": 3.6, "pe": -3.788214, "peg": null, "ps": null, "ev": 184158896, "divRate": null, "divYield": null}, "NKTR": {"mcap": 2343399168, "shares": 33786032, "hi52": 109.0, "lo52": 21.02, "pe": -5.842318, "peg": 0.31, "ps": 42.122467, "ev": 1918227200, "divRate": null, "divYield": null}, "NRXS": {"mcap": 86814680, "shares": 12384405, "hi52": 9.33, "lo52": 2.196, "pe": -116.83334, "peg": null, "ps": 20.27665, "ev": 80093336, "divRate": null, "divYield": null}, "PINK.V": {"mcap": 47456044, "shares": 150654117, "hi52": 0.72, "lo52": 0.17, "pe": -2.6033058, "peg": null, "ps": 22.195978, "ev": 41245388, "divRate": null, "divYield": null}, "QURE": {"mcap": 2710981888, "shares": 68754298, "hi52": 71.5, "lo52": 8.73, "pe": -13.873624, "peg": null, "ps": 149.83595, "ev": 2445857024, "divRate": null, "divYield": null}, "RPID": {"mcap": 99145400, "shares": 45322280, "hi52": 4.94, "lo52": 1.66, "pe": -2.5189872, "peg": null, "ps": 2.8834748, "ev": 91870712, "divRate": null, "divYield": null}, "TENX": {"mcap": 388328352, "shares": 26525159, "hi52": 19.4, "lo52": 5.78, "pe": -10.624093, "peg": 1.44, "ps": null, "ev": 629228480, "divRate": null, "divYield": null}, "WGS": {"mcap": 1915917056, "shares": 29688027, "hi52": 170.87, "lo52": 32.21, "pe": 58.46886, "peg": null, "ps": 4.328015, "ev": 1850930560, "divRate": null, "divYield": null}, "MXCT": {"mcap": 119976272, "shares": 107121672, "hi52": 2.33, "lo52": 0.643, "pe": -4.785302, "peg": null, "ps": 3.7159312, "ev": 30609272, "divRate": null, "divYield": null}, "NVDA": {"mcap": 5056375554048, "shares": 24221000000, "hi52": 236.54, "lo52": 164.07, "pe": 32.466564, "peg": 0.5841, "ps": 19.946962, "ev": 5011633864704, "divRate": 1.0, "divYield": 0.47}, "ONDS": {"mcap": 4518819840, "shares": 569838608, "hi52": 15.28, "lo52": 1.78, "pe": 88.11111, "peg": null, "ps": 46.776253, "ev": 2480519936, "divRate": null, "divYield": null}, "_ts": 1784863579, "ORCL": {"mcap": 345771737088, "shares": 2880471000, "hi52": 345.72, "lo52": 119.44, "pe": 21.589928, "peg": 0.7112, "ps": 5.1334195, "ev": 486811729920, "divRate": 2.0, "divYield": 1.59}}